Our Sku,sanitaryfittings-sku,ferguson-sku
13H-100,13H-1-304,S13H1304
13H-150,13H-1.5-304,S13H15304
13H-200,13H-2-304,S13H2304
13H-250,13H-2.5-304,S13H25304
13H-300,13H-3-304,S13H3304
13H-400,13H-4-304,S13H4304
13MHHM-050-075,13MHHM-.50-304,S13MHHM50304
13MHHM-100-150,13MHHM-1-RWN-304,S13MHHM1RWN304
13MHHM-100-150,13MHHM-1-304,S13MHHM1304
13MHHM-1000,13MHHM-10-RWN-304,S13MHHM10RWN304
13MHHM-1000,13MHHM-10-304,S13MHHM10304
13MHHM-1200,13MHHM-12-RWN-304,S13MHHM12RWN304
13MHHM-1200,13MHHM-12-304,S13MHHM12304
13MHHM-200,13MHHM-2-304,S13MHHM2304
13MHHM-200,13MHHM-2-RWN-304,S13MHHM2RWN304
13MHHM-250,13MHHM-2.5-304,S13MHHM25304
13MHHM-250,13MHHM-2.5-RWN-304,S13MHHM25RWN304
13MHHM-300,13MHHM-3-304,S13MHHM3304
13MHHM-300,13MHHM-3-RWN-304,S13MHHM3RWN304
13MHHM-400,13MHHM-4-304,S13MHHM4304
13MHHM-400,13MHHM-4-RWN-304,S13MHHM4RWN304
13MHHM-500,13MHHM-5-304,S13MHHM5304
13MHHM-600,13MHHM-6-304,S13MHHM6304
13MHHM-600,13MHHM-6-RWN-304,S13MHHM6RWN304
13MHHM-800,13MHHM-8-304,S13MHHM8304
13MHHM-800,13MHHM-8-RWN-304,S13MHHM8RWN304
14A-300,L14A7-3-316,SL14A73316
14A4-100,L14A7-1-304,SL14A71304
14A4-150,L14A7-1.5-304,SL14A715304
14A4-200,L14A7-2-304,SL14A72304
14A4-250,L14A7-2.5-304,SL14A725304
14A4-300,L14A7-3-304,SL14A73304
14A4-400,L14A7-4-304,SL14A74304
14A6-100,L14A7-1-316,SL14A71316
14A6-150,L14A7-1.5-316,SL14A715316
14A6-200,L14A7-2-316,SL14A72316
14A6-250,L14A7-2.5-316,SL14A725316
14A6-400,L14A7-4-316,SL14A74316
14AM74-100,L14AM7-1-304,SL14AM71304
14AM74-1000,L14AM7-10-304,SL14AM710304
14AM74-1200,L14AM7-12-304,SL14AM712304
14AM74-150,L14AM7-1.5-304,SL14AM715304
14AM74-200,L14AM7-2-304,SL14AM72304
14AM74-250,L14AM7-2.5-304,SL14AM725304
14AM74-300,L14AM7-3-304,SL14AM73304
14AM74-400,L14AM7-4-304,SL14AM74304
14AM74-500,L14AM7-5X1.5-304,SL14AM75X15304
14AM74-600,L14AM7-6-304,SL14AM76304
14AM74-800,L14AM7-8-304,SL14AM78304
14AM76-050,L14AM7-.50-316,SL14AM750316
14AM76-075,L14AM7-.75-316,SL14AM775316
14AM76-100,L14AM7-1-316,SL14AM71316
14AM76-1000,L14AM7-10-316,SL14AM710316
14AM76-1200,L14AM7-12-316,SL14AM712316
14AM76-150,L14AM7-1.5-316,SL14AM715316
14AM76-200,L14AM7-2-316,SL14AM72316
14AM76-250,L14AM7-2.5-316,SL14AM725316
14AM76-300,L14AM7-3-316,SL14AM73316
14AM76-400,L14AM7-4-316,SL14AM74316
14AM76-500,L14AM7-5X1.5-316,SL14AM75X15316
14AM76-600,L14AM7-6-316,SL14AM76316
14AM76-800,L14AM7-8-316,SL14AM78316
14MPHT4-100,14MPHT-1-304,S14MPHT1304
14MPHT4-150,14MPHT-1.5-304,S14MPHT15304
14MPHT4-200,14MPHT-2-304,S14MPHT2304
14MPHT4-250,14MPHT-2.5-304,S14MPHT25304
14MPHT4-300,14MPHT-3-304,S14MPHT3304
14MPHT4-400,14MPHT-4-304,S14MPHT4304
14MPHT6-100,14MPHT-1-316,S14MPHT1316
14MPHT6-150,14MPHT-1.5-316,S14MPHT15316
14MPHT6-200,14MPHT-2-316,S14MPHT2316
14MPHT6-250,14MPHT-2.5-316,S14MPHT25316
14MPHT6-300,14MPHT-3-316,S14MPHT3316
14MPHT6-400,14MPHT-4-316,S14MPHT4316
14MPW6-050,14MPW-.50-316,S14MPW50316
14MPW6-075,14MPW-.75-316,S14MPW75316
14MPW6-100,14MPW-1-316,S14MPW1316
14MPW6-150,14MPW-1.5-316,S14MPW15316
14MPW6-200,14MPW-2-316,S14MPW2316
14MPW6-250,14MPW-2.5-316,S14MPW25316
14MPW6-300,14MPW-3-316,S14MPW3316
14MPW6-400,14MPW-4-316,S14MPW4316
14MPW6-600,14MPW-6-316,S14MPW6316
14MPW6-800,14MPW-8-316,S14MPW8316
14RMP4-100,14RMP-1-304,S14RMP1304
14RMP4-150,14RMP-1.5-304,S14RMP15304
14RMP4-200,14RMP-2-304,S14RMP2304
14RMP4-250,14RMP-2.5-304,S14RMP25304
14RMP4-300,14RMP-3-304,S14RMP3304
14RMP4-400,14RMP-4-304,S14RMP4304
14WI4-100,14WI-1-304,S14WI1304
14WI4-150,14WI-1.5-304,S14WI15304
14WI4-200,14WI-2-304,S14WI2304
14WI4-250,14WI-2.5-304,S14WI25304
14WI4-300,14WI-3-304,S14WI3304
14WI4-400,14WI-4-304,S14WI4304
14WI4-600,14WI-6-304,S14WI6304
14WI6-100,14WI-1-316,S14WI1316
14WI6-150,14WI-1.5-316,S14WI15316
14WI6-200,14WI-2-316,S14WI2316
14WI6-250,14WI-2.5-316,S14WI25316
14WI6-400,14WI-4-316,S14WI4316
14WI6-600,14WI-6-316,S14WI6316
14WLI6-100,14WLI-1-316,S14WLI1316
14WLI6-150,14WLI-1.5-316,S14WLI15316
14WLI6-200,14WLI-2-316,S14WLI2316
14WLI6-250,14WLI-2.5-316,S14WLI25316
14WLI6-300,14WLI-3-316,S14WLI3316
14WLI6-400,14WLI-4-316,S14WLI4316
14WLI6-600,14WLI-6-316,S14WLI6316
14WLMP4-100,14WLMP-1-304,S14WLMP1304
14WLMP4-1000,14WLMP-10-304,S14WLMP10304
14WLMP4-1200,14WLMP-12-304,S14WLMP12304
14WLMP4-150,14WLMP-1.5-304,S14WLMP15304
14WLMP4-200,14WLMP-2-304,S14WLMP2304
14WLMP4-250,14WLMP-2.5-304,S14WLMP25304
14WLMP4-300,14WLMP-3-304,S14WLMP3304
14WLMP4-400,14WLMP-4-304,S14WLMP4304
14WLMP4-600,14WLMP-6-304,S14WLMP6304
14WLMP4-800,14WLMP-8-304,S14WLMP8304
14WLMP6-050,14WLMP-.50-316,S14WLMP50316
14WLMP6-075,14WLMP-.75-316,S14WLMP75316
14WLMP6-100,14WLMP-1-316,S14WLMP1316
14WLMP6-1000,14WLMP-10-316,S14WLMP10316
14WLMP6-1200,14WLMP-12-316,S14WLMP12316
14WLMP6-150,14WLMP-1.5-316,S14WLMP15316
14WLMP6-200,14WLMP-2-316,S14WLMP2316
14WLMP6-250,14WLMP-2.5-316,S14WLMP25316
14WLMP6-300,14WLMP-3-316,S14WLMP3316
14WLMP6-400,14WLMP-4-316,S14WLMP4316
14WLMP6-600,14WLMP-6-316,S14WLMP6316
14WLMP6-800,14WLMP-8-316,S14WLMP8316
14WMP4-100,14WMP-1-304,S14WMP1304
14WMP4-1000,14WMP-10-304,S14WMP10304
14WMP4-1200,14WMP-12-304,S14WMP12304
14WMP4-150,14WMP-1.5-304,S14WMP15304
14WMP4-200,14WMP-2-304,S14WMP2304
14WMP4-250,14WMP-2.5-304,S14WMP25304
14WMP4-300,14WMP-3-304,S14WMP3304
14WMP4-400,14WMP-4-304,S14WMP4304
14WMP4-500,14WMP-5-304,S14WMP5304
14WMP4-600,14WMP-6-304,S14WMP6304
14WMP4-800,14WMP-8-304,S14WMP8304
14WMP6-100,14WMP-1-316,S14WMP1316
14WMP6-1000,14WMP-10-316,S14WMP10316
14WMP6-1200,14WMP-12-316,S14WMP12316
14WMP6-150,14WMP-1.5-316,S14WMP15316
14WMP6-200,14WMP-2-316,S14WMP2316
14WMP6-250,14WMP-2.5-316,S14WMP25316
14WMP6-300,14WMP-3-316,S14WMP3316
14WMP6-400,14WMP-4-316,S14WMP4316
14WMP6-500,14WMP-5-316,S14WMP5316
14WMP6-600,14WMP-6-316,S14WMP6316
14WMP6-800,14WMP-8-316,S14WMP8316
15A4-100,L15A7-1-304,SL15A71304
15A4-150,L15A7-1.5-304,SL15A715304
15A4-200,L15A7-2-304,SL15A72304
15A4-250,L15A7-2.5-304,SL15A725304
15A4-300,L15A7-3-304,SL15A73304
15A4-400,L15A7-4-304,SL15A74304
15A6-100,L15A7-1-316,SL15A71316
15A6-150,L15A7-1.5-316,SL15A715316
15A6-200,L15A7-2-316,SL15A72316
15A6-250,L15A7-2.5-316,SL15A725316
15A6-300,L15A7-3-316,SL15A73316
15A6-400,L15A7-4-316,SL15A74316
15WI4-100,15WI-1-304,S15WI1304
15WI4-150,15WI-1.5-304,S15WI15304
15WI4-200,15WI-2-304,S15WI2304
15WI4-250,15WI-2.5-304,S15WI25304
15WI4-300,15WI-3-304,S15WI3304
15WI4-400,15WI-4-304,S15WI4304
15WI4-600,15WI-6-304,S15WI6304
15WI6-100,15WI-1-316,S15WI1316
15WI6-150,15WI-1.5-316,S15WI15316
15WI6-200,15WI-2-316,S15WI2316
15WI6-250,15WI-2.5-316,S15WI25316
15WI6-300,15WI-3-316,S15WI3316
15WI6-400,15WI-4-316,S15WI4316
15WI6-600,15WI-6-316,S15WI6316
15WLI6-100,15WLI-1-316,S15WLI1316
15WLI6-150,15WLI-1.5-316,S15WLI15316
15WLI6-200,15WLI-2-316,S15WLI2316
15WLI6-250,15WLI-2.5-316,S15WLI25316
15WLI6-300,15WLI-3-316,S15WLI3316
15WLI6-400,15WLI-4-316,S15WLI4316
15WLI6-600,15WLI-6-316,S15WLI6316
16A4-100,16A-1-304,S16A1304
16A4-150,16A-1.5-304,S16A15304
16A4-200,16A-2-304,S16A2304
16A4-250,16A-2.5-304,S16A25304
16A4-300,16A-3-304,S16A3304
16A4-400,16A-4-304,S16A4304
16A6-100,16A-1-316,S16A1316
16A6-150,16A-1.5-316,S16A15316
16A6-200,16A-2-316,S16A2316
16A6-250,16A-2.5-316,S16A25316
16A6-300,16A-3-316,S16A3316
16A6-400,16A-4-316,S16A4316
16AMP4-1000,16AMP-10-304,S16AMP10304
16AMP4-1200,16AMP-12-304,S16AMP12304
16AMP4-200,16AMP-2-304,S16AMP2304
16AMP4-250,16AMP-2.5-304,S16AMP25304
16AMP4-300,16AMP-3-304,S16AMP3304
16AMP4-400,16AMP-4-304,S16AMP4304
16AMP4-500,16AMP-5-304,S16AMP5304
16AMP4-600,16AMP-6-304,S16AMP6304
16AMP4-800,16AMP-8-304,S16AMP8304
16AMP6-100-150,16AMP-1-316,S16AMP1316
16AMP6-1000,16AMP-10-316,S16AMP10316
16AMP6-1200,16AMP-12-316,S16AMP12316
16AMP6-200,16AMP-2-316,S16AMP2316
16AMP6-250,16AMP-2.5-316,S16AMP25316
16AMP6-300,16AMP-3-316,S16AMP3316
16AMP6-400,16AMP-4-316,S16AMP4316
16AMP6-500,16AMP-5-316,S16AMP5316
16AMP6-600,16AMP-6-316,S16AMP6316
16AMP6-800,16AMP-8-316,S16AMP8316
16W4P-100,16W-1-5-304,S16W15304
16W4P-150,16W-1.5-5-304,S16W155304
16W4P-200,16W-2-5-304,S16W25304
16W4P-250,16W-2.5-5-304,S16W255304
16W4P-300,16W-3-5-304,S16W35304
16W4P-400,16W-4-5-304,S16W45304
16W4P-600,16W-6-5-304,S16W65304
16W6P-150,16W-1.5-5-316,S16W155316
16W6P-200,16W-2-5-316,S16W25316
16W6P-250,16W-2.5-5-316,S16W255316
16W6P-300,16W-3-5-316,S16W35316
16W6P-400,16W-4-5-316,S16W45316
16W6P-600,16W-6-5-316,S16W65316
16W6P-800,16W-8-5-316,S16W85316
19MPV4-100,19MPV-1-304,S19MPV1304
19MPV4-150,19MPV-1.5-304,S19MPV15304
19MPV4-200,19MPV-2-304,S19MPV2304
19MPV4-250,19MPV-2.5-304,S19MPV25304
19MPV4-300,19MPV-3-304,S19MPV3304
19MPV4-400,19MPV-4-304,S19MPV4304
19MPV6-100,19MPV-1-316,S19MPV1316
19MPV6-150,19MPV-1.5-316,S19MPV15316
19MPV6-200,19MPV-2-316,S19MPV2316
19MPV6-250,19MPV-2.5-316,S19MPV25316
19MPV6-300,19MPV-3-316,S19MPV3316
19MPV6-400,19MPV-4-316,S19MPV4316
19MPX4-100,19MPX-1-304,S19MPX1304
19MPX4-150,19MPX-1.5-304,S19MPX15304
19MPX4-200,19MPX-2-304,S19MPX2304
19MPX4-250,19MPX-2.5-304,S19MPX25304
19MPX4-300,19MPX-3-304,S19MPX3304
19MPX4-400,19MPX-4-304,S19MPX4304
19MPX6-050,19MPX-.50-316,S19MPX50316
19MPX6-075,19MPX-.75-316,S19MPX75316
19MPX6-100,19MPX-1-316,S19MPX1316
19MPX6-150,19MPX-1.5-316,S19MPX15316
19MPX6-200,19MPX-2-316,S19MPX2316
19MPX6-250,19MPX-2.5-316,S19MPX25316
19MPX6-300,19MPX-3-316,S19MPX3316
19MPX6-400,19MPX-4-316,S19MPX4316
19MPX6-600,19MPX-6-316,S19MPX6316
19WB4-100,19WB-1-304,S19WB1304
19WB4-150,19WB-1.5-304,S19WB15304
19WB4-200,19WB-2-304,S19WB2304
19WB4-250,19WB-2.5-304,S19WB25304
19WB4-300,19WB-3-304,S19WB3304
19WB4-400,19WB-4-304,S19WB4304
19WB6-200,19WB-2-316,S19WB2316
19WB6-300,19WB-3-316,S19WB3316
19WX4-100,19WX-1-316,S19WX1316
19WX4-150,19WX-1.5-316,S19WX15316
19WX4-250,19WX-2.5-316,S19WX25316
19WX4-300,19WX-3-316,S19WX3316
21MP4-100,21MP-1-304,S21MP1304
21MP4-150,21MP-1.5-304,S21MP15304
21MP4-200,21MP-2-304,S21MP2304
21MP4-250,21MP-2.5-304,S21MP25304
21MP4-300,21MP-3-304,S21MP3304
21MP4-400,21MP-4-304,S21MP4304
21MP6-075,21MP-.75-316,S21MP75316
21MP6-100,21MP-1-316,S21MP1316
21MP6-100050,21MP-1X.50-316,S21MP1X50316
21MP6-100075,21MP-1x.75-316,S21MP1x75316
21MP6-150,21MP-1.5-316,S21MP15316
21MP6-150075,21MP-1.5X.75-316,S21MP15X75316
21MP6-150100,21MP-1.5X1-316,S21MP15X1316
21MP6-150125,21MP-1.5X1.25-316,S21MP15X125316
21MP6-200,21MP-2-316,S21MP2316
21MP6-200100,21MP-2X1-316,S21MP2X1316
21MP6-200150,21MP-2X1.5-316,S21MP2X15316
21MP6-250,21MP-2.5-316,S21MP25316
21MP6-250200,21MP-2.5X2-316,S21MP25X2316
21MP6-300,21MP-3-316,S21MP3316
21MP6-300200,21MP-3X2-316,S21MP3X2316
21MP6-400,21MP-4-316,S21MP4316
22MP4-100,22MP-1-304,S22MP1304
22MP4-150,22MP-1.5-304,S22MP15304
22MP4-200,22MP-2-304,S22MP2304
22MP4-250,22MP-2.5-304,S22MP25304
22MP4-300,22MP-3-304,S22MP3304
22MP4-400,22MP-4-304,S22MP4304
22MP6-050,22MP-.50-316,S22MP50316
22MP6-075,22MP-.75-316,S22MP75316
22MP6-075050,22MP-.75X.50-316,S22MP75X50316
22MP6-100,22MP-1-316,S22MP1316
22MP6-100050,22MP-1X.50-316,S22MP1X50316
22MP6-100075,22MP-1X.75-316,S22MP1X75316
22MP6-150,22MP-1.5-316,S22MP15316
22MP6-150050,22MP-1.5X.50-316,S22MP15X50316
22MP6-150075,22MP-1.5X.75-316,S22MP15X75316
22MP6-150100,22MP-1.5X1-316,S22MP15X1316
22MP6-150100,AAW01581-316,SAAW01581316
22MP6-200,22MP-2-316,S22MP2316
22MP6-200100,22MP-2X1-316,S22MP2X1316
22MP6-200150,22MP-2X1.5-316,S22MP2X15316
22MP6-250,22MP-2.5-316,S22MP25316
22MP6-250150,22MP-2.5X1.5-316,S22MP25X15316
22MP6-250200,22MP-2.5X2-316,S22MP25X2316
22MP6-300,22MP-3-316,S22MP3316
22MP6-300200,22MP-3X2-316,S22MP3X2316
22MP6-400,22MP-4-316,S22MP4316
28AMP4-100,28AMP-1-304,S28AMP1304
28AMP4-150,28AMP-1.5-304,S28AMP15304
28AMP4-200,28AMP-2-304,S28AMP2304
28AMP4-250,28AMP-2.5-304,S28AMP25304
28AMP4-300,28AMP-3-304,S28AMP3304
28AMP4-400,28AMP-4-304,S28AMP4304
28AMP4-600,28AMP-6-304,S28AMP6304
28AMP6-100,28AMP-1-316,S28AMP1316
28AMP6-150,28AMP-1.5-316,S28AMP15316
28AMP6-200,28AMP-2-316,S28AMP2316
28AMP6-250,28AMP-2.5-316,S28AMP25316
28AMP6-300,28AMP-3-316,S28AMP3316
28AMP6-400,28AMP-4-316,S28AMP4316
28AMP6-600,28AMP-6-316,S28AMP6316
28BMP4-100,28BMP-1-304,S28BMP1304
28BMP4-150,28BMP-1.5-304,S28BMP15304
28BMP4-200,28BMP-2-304,S28BMP2304
28BMP4-250,28BMP-2.5-304,S28BMP25304
28BMP4-300,28BMP-3-304,S28BMP3304
28BMP4-400,28BMP-4-304,S28BMP4304
28BMP4-600,28BMP-6-304,S28BMP6304
28BMP6-100,28BMP-1-316,S28BMP1316
28BMP6-150,28BMP-1.5-316,S28BMP15316
28BMP6-200,28BMP-2-316,S28BMP2316
28BMP6-250,28BMP-2.5-316,S28BMP25316
28BMP6-300,28BMP-3-316,S28BMP3316
28BMP6-400,28BMP-4-316,S28BMP4316
28BMP6-600,28BMP-6-316,S28BMP6316
28WA4P-100,28WA-1-7-304,S28WA17304
28WA4P-150,28WA-1.5-7-304,S28WA157304
28WA4P-200,28WA-2-7-304,S28WA27304
28WA4P-250,28WA-2.5-7-304,S28WA257304
28WA4P-300,28WA-3-7-304,S28WA37304
28WA4P-400,28WA-4-7-304,S28WA47304
28WA4P-600,28WA-6-7-304,S28WA67304
28WA6P-100,28WA-1-7-316,S28WA17316
28WA6P-150,28WA-1.5-7-316,S28WA157316
28WA6P-200,28WA-2-7-316,S28WA27316
28WA6P-250,28WA-2.5-7-316,S28WA257316
28WA6P-300,28WA-3-7-316,S28WA37316
28WA6P-400,28WA-4-7-316,S28WA47316
28WA6P-600,28WA-6-7-316,S28WA67316
2CMP6-050,2CMP-.50-316,S2CMP50316
2CMP6-075,2CMP-.75-316,S2CMP75316
2CMP6-100,2CMP-1-316,S2CMP1316
2CMP6-1000,2CMP-10-316,S2CMP10316
2CMP6-150,2CMP-1.5-316,S2CMP15316
2CMP6-200,2CMP-2-316,S2CMP2316
2CMP6-250,2CMP-2.5-316,S2CMP25316
2CMP6-300,2CMP-3-316,S2CMP3316
2CMP6-400,2CMP-4-316,S2CMP4316
2CMP6-600,2CMP-6-316,S2CMP6316
2CMP6-800,2CMP-8-316,S2CMP8316
2KMP4-100,2KMP-1-304,S2KMP1304
2KMP4-150,2KMP-1.5-304,S2KMP15304
2KMP4-200,2KMP-2-304,S2KMP2304
2KMP4-250,2KMP-2.5-304,S2KMP25304
2KMP4-300,2KMP-3-304,S2KMP3304
2KMP4-400,2KMP-4-304,S2KMP4304
2KMP4-600,2KMP-6-304,S2KMP6304
2KMP4-800,2KMP-8-304,S2KMP8304
2KMP6-050,2KMP-.50-316,S2KMP50316
2KMP6-075,2KMP-.75-316,S2KMP75316
2KMP6-100,2KMP-1-316,S2KMP1316
2KMP6-150,2KMP-1.5-316,S2KMP15316
2KMP6-200,2KMP-2-316,S2KMP2316
2KMP6-250,2KMP-2.5-316,S2KMP25316
2KMP6-300,2KMP-3-316,S2KMP3316
2KMP6-400,2KMP-4-316,S2KMP4316
2KMP6-600,2KMP-6-316,S2KMP6316
2KMP6-800,2KMP-8-316,S2KMP8316
3114MP4-150100,31-14MP-1.5X1-304,S3114MP15X1304
3114MP4-200100,31-14MP-2X1-304,S3114MP2X1304
3114MP4-200150,31-14MP-2X1.5-304,S3114MP2X15304
3114MP4-250150,31-14MP-2.5X1.5-304,S3114MP25X15304
3114MP4-250200,31-14MP-2.5X2-304,S3114MP25X2304
3114MP4-300100,31-14MP-3X1-304,S3114MP3X1304
3114MP4-300150,31-14MP-3X1.5-304,S3114MP3X15304
3114MP4-300200,31-14MP-3X2-304,S3114MP3X2304
3114MP4-300250,31-14MP-3X2.5-304,S3114MP3X25304
3114MP4-400100,31-14MP-4X1-304,S3114MP4X1304
3114MP4-400150,31-14MP-4X1.5-304,S3114MP4X15304
3114MP4-400200,31-14MP-4X2-304,S3114MP4X2304
3114MP4-400300,31-14MP-4X3-304,S3114MP4X3304
3114MP4-600200,31-14MP-6X2-304,S3114MP6X2304
3114MP4-600300,31-14MP-6X3-304,S3114MP6X3304
3114MP4-600400,31-14MP-6X4-304,S3114MP6X4304
3114MP6-075050,31-14MP-.75X.50-316,S3114MP75X50316
3114MP6-100050,31-14MP-1X.50-316,S3114MP1X50316
3114MP6-100075,31-14MP-1X.75-316,S3114MP1X75316
3114MP6-150050,31-14MP-1.5X.50-316,S3114MP15X50316
3114MP6-150075,31-14MP-1.5X.75X4-316,S3114MP15X75X4316
3114MP6-150100,31-14MP-1.5X1-316,S3114MP15X1316
3114MP6-200100,31-14MP-2X1-316,S3114MP2X1316
3114MP6-200150,31-14MP-2X1.5-316,S3114MP2X15316
3114MP6-250150,31-14MP-2.5X1.5-316,S3114MP25X15316
3114MP6-250200,31-14MP-2.5X2-316,S3114MP25X2316
3114MP6-300100,31-14MP-3X1-316,S3114MP3X1316
3114MP6-300150,31-14MP-3X1.5-316,S3114MP3X15316
3114MP6-300200,31-14MP-3X2-316,S3114MP3X2316
3114MP6-300250,31-14MP-3X2.5-316,S3114MP3X25316
3114MP6-400100,31-14MP-4X1-316,S3114MP4X1316
3114MP6-400150,31-14MP-4X1.5-316,S3114MP4X15316
3114MP6-400200,31-14MP-4X2-316,S3114MP4X2316
3114MP6-400250,31-14MP-4X2.5-316,S3114MP4X25316
3114MP6-400300,31-14MP-4X3-316,S3114MP4X3316
3114MP6-600200,31-14MP-6X2-316,S3114MP6X2316
3114MP6-600300,31-14MP-6X3-316,S3114MP6X3316
3114MP6-600400,31-14MP-6X4-316,S3114MP6X4316
3114MP6-800300,31-14MP-8X3-316,S3114MP8X3316
3114MP6-800400,31-14MP-8X4-316,S3114MP8X4316
3114MP6-800600,31-14MP-8X6-316,S3114MP8X6316
3214MP4-150100,32-14MP-1.5x1-304,S3214MP15x1304
3214MP4-200100,32-14MP-2x1-304,S3214MP2x1304
3214MP4-200150,32-14MP-2x1.5-304,S3214MP2x15304
3214MP4-250150,32-14MP-2.5x1.5-304,S3214MP25x15304
3214MP4-250200,32-14MP-2.5x2-304,S3214MP25x2304
3214MP4-300100,32-14MP-3x1-304,S3214MP3x1304
3214MP4-300150,32-14MP-3x1.5-304,S3214MP3x15304
3214MP4-300200,32-14MP-3x2-304,S3214MP3x2304
3214MP4-300250,32-14MP-3x2.5-304,S3214MP3x25304
3214MP4-400100,32-14MP-4x1-304,S3214MP4x1304
3214MP4-400150,32-14MP-4x1.5-304,S3214MP4x15304
3214MP4-400200,32-14MP-4x2-304,S3214MP4x2304
3214MP4-400300,32-14MP-4x3-304,S3214MP4x3304
3214MP4-600200,32-14MP-6x2-304,S3214MP6x2304
3214MP4-600300,32-14MP-6x3-304,S3214MP6x3304
3214MP4-600400,32-14MP-6x4-304,S3214MP6x4304
3214MP4-800300,32-14MP-8x3-304,S3214MP8x3304
3214MP4-800400,32-14MP-8x4-304,S3214MP8x4304
3214MP4-800600,32-14MP-8x6-304,S3214MP8x6304
3214MP6-075050,32-14MP-.75x.50-316,S3214MP75x50316
3214MP6-100050,32-14MP-1X.50-316,S3214MP1X50316
3214MP6-100075,32-14MP-1x.75-316,S3214MP1x75316
3214MP6-150050,32-14MP-1.5x.50-316,S3214MP15x50316
3214MP6-150075,32-14MP-1.5x.75-316,S3214MP15x75316
3214MP6-150100,32-14MP-1.5x1-316,S3214MP15x1316
3214MP6-200100,32-14MP-2x1-316,S3214MP2x1316
3214MP6-200150,32-14MP-2x1.5-316,S3214MP2x15316
3214MP6-250150,32-14MP-2.5x1.5-316,S3214MP25x15316
3214MP6-250200,32-14MP-2.5x2-316,S3214MP25x2316
3214MP6-300100,32-14MP-3X1-316,S3214MP3X1316
3214MP6-300150,32-14MP-3x1.5-316,S3214MP3x15316
3214MP6-300200,32-14MP-3x2-316,S3214MP3x2316
3214MP6-300250,32-14MP-3x2.5-316,S3214MP3x25316
3214MP6-400150,32-14MP-4x1.5-316,S3214MP4x15316
3214MP6-400200,32-14MP-4x2-316,S3214MP4x2316
3214MP6-400250,32-14MP-4x2.5-316,S3214MP4x25316
3214MP6-400300,32-14MP-4x3-316,S3214MP4x3316
3214MP6-600200,32-14MP-6x2-316,S3214MP6x2316
3214MP6-600300,32-14MP-6x3-316,S3214MP6x3316
3214MP6-600400,32-14MP-6x4-316,S3214MP6x4316
3214MP6-800300,32-14MP-8x3-316,S3214MP8x3316
3214MP6-800400,32-14MP-8x4-316,S3214MP8x4316
3214MP6-800600,32-14MP-8x6-316,S3214MP8x6316
7MMW4-100,7MMW-1-304,S7MMW1304
7MMW4-150,7MMW-1.5-304,S7MMW15304
7MMW4-200,7MMW-2-304,S7MMW2304
7MMW4-250,7MMW-2.5-304,S7MMW25304
7MMW4-300,7MMW-3-304,S7MMW3304
7MMW4-400,7MMW-4-304,S7MMW4304
7MMW6-100,7MMW-1-316,S7MMW1316
7MMW6-150,7MMW-1.5-316,S7MMW15316
7MMW6-200,7MMW-2-316,S7MMW2316
7MMW6-250,7MMW-2.5-316,S7MMW25316
7MMW6-300,7MMW-3-316,S7MMW3316
7MMW6-400,7MMW-4-316,S7MMW4316
7MP4-100,7MP-1-304,S7MP1304
7MP4-150,7MP-1.5-304,S7MP15304
7MP4-200,7MP-2-304,S7MP2304
7MP4-250,7MP-2.5-304,S7MP25304
7MP4-300,7MP-3-304,S7MP3304
7MP4-400,7MP-4-304,S7MP4304
7MP4-600,7MP-6-304,S7MP6304
7MP4-800,7MP-8-304,S7MP8304
7MP6-050,7MP-.50-316,S7MP50316
7MP6-075,7MP-.75-316,S7MP75316
7MP6-100,7MP-1-316,S7MP1316
7MP6-150,7MP-1.5-316,S7MP15316
7MP6-200,7MP-2-316,S7MP2316
7MP6-250,7MP-2.5-316,S7MP25316
7MP6-300,7MP-3-316,S7MP3316
7MP6-400,7MP-4-316,S7MP4316
7MP6-600,7MP-6-316,S7MP6316
7MP6-800,7MP-8-316,S7MP8316
7MPS6-050,S7MPS-.50-PL-316-1,SS7MPS50PL3161
7MPS6-100,7MPS-1-316,S7MPS1316
7MPS6-150,7MPS-1.5-316,S7MPS15316
7MPS6-200,7MPS-2-316,S7MPS2316
7MPS6-250,7MPS-2.5-316,S7MPS25316
7MPS6-300,7MPS-3-316,S7MPS3316
7MPS6-400,7MPS-4-316,S7MPS4316
7MPS6-600,7MPS-6-316,S7MPS6316
7MPS6-800,7MPS-8-316,S7MPS8316
7RMP4-150100,7RMP-1.5X1-304,S7RMP15X1304
7RMP4-200100,7RMP-2X1-304,S7RMP2X1304
7RMP4-200150,7RMP-2X1.5-304,S7RMP2X15304
7RMP4-250150,7RMP-2.5X1.5-304,S7RMP25X15304
7RMP4-250200,7RMP-2.5X2-304,S7RMP25X2304
7RMP4-300100,7RMP-3X1-304,S7RMP3X1304
7RMP4-300150,7RMP-3X1.5-304,S7RMP3X15304
7RMP4-300200,7RMP-3X2-304,S7RMP3X2304
7RMP4-400100,7RMP-4X1-304,S7RMP4X1304
7RMP4-400150,7RMP-4X1.5-304,S7RMP4X15304
7RMP4-400200,7RMP-4X2-304,S7RMP4X2304
7RMP4-400250,7RMP-4X2.5-304,S7RMP4X25304
7RMP4-400300,7RMP-4X3-304,S7RMP4X3304
7RMP4-600200,7RMP-6X2-304,S7RMP6X2304
7RMP4-600300,7RMP-6X3-304,S7RMP6X3304
7RMP4-800300,7RMP-8X3-304,S7RMP8X3304
7RMP4-800400,7RMP-8X4-304,S7RMP8X4304
7RMP4-800600,7RMP-8X6-304,S7RMP8X6304
7RMP6-150100,7RMP-1.5X1-316,S7RMP15X1316
7RMP6-200100,7RMP-2X1-316,S7RMP2X1316
7RMP6-200150,7RMP-2X1.5-316,S7RMP2X15316
7RMP6-250150,7RMP-2.5X1.5-316,S7RMP25X15316
7RMP6-250200,7RMP-2.5X2-316,S7RMP25X2316
7RMP6-300100,7RMP-3X1-316,S7RMP3X1316
7RMP6-300150,7RMP-3X1.5-316,S7RMP3X15316
7RMP6-300200,7RMP-3X2-316,S7RMP3X2316
7RMP6-400100,7RMP-4X1-316,S7RMP4X1316
7RMP6-400150,7RMP-4X1.5-316,S7RMP4X15316
7RMP6-400200,7RMP-4X2-316,S7RMP4X2316
7RMP6-400250,7RMP-4X2.5-316,S7RMP4X25316
7RMP6-400300,7RMP-4X3-316,S7RMP4X3316
7RMP6-600200,7RMP-6X2-316,S7RMP6X2316
7RMP6-600300,7RMP-6X3-316,S7RMP6X3316
7RMP6-800300,7RMP-8X3-316,S7RMP8X3316
7RMP6-800400,7RMP-8X4-316,S7RMP8X4316
7RMP6-800600,7RMP-8X6-316,S7RMP8X6316
7WMM4-100,7WMM-1-304,S7WMM1304
7WMM4-150,7WMM-1.5-304-F,S7WMM15304F
7WMM4-200,7WMM-2-304,S7WMM2304
7WMM4-250,7WMM-2.5-304,S7WMM25304
7WMM4-300,7WMM-3-304,S7WMM3304
7WMM4-400,7WMM-4-304,S7WMM4304
7WMM6-100,7WMM-1-316,S7WMM1316
7WMM6-150,7WMM-1.5-316-F,S7WMM15316F
7WMM6-200,7WMM-2-316,S7WMM2316
7WMM6-250,7WMM-2.5-316,S7WMM25316
7WMM6-300,7WMM-3-316,S7WMM3316
7WMM6-400,7WMM-4-316,S7WMM4316
7WWM4-100,7WWM-1-304,S7WWM1304
7WWM4-150,7WWM-1.5-304,S7WWM15304
7WWM4-200,7WWM-2-304,S7WWM2304
7WWM4-250,7WWM-2.5-304,S7WWM25304
7WWM4-300,7WWM-3-304,S7WWM3304
7WWM4-400,7WWM-4-304,S7WWM4304
7WWM6-100,7WWM-1-316,S7WWM1316
7WWM6-150,7WWM-1.5-316,S7WWM15316
7WWM6-200,7WWM-2-316,S7WWM2316
7WWM6-250,7WWM-2.5-316,S7WWM25316
7WWM6-300,7WWM-3-316,S7WWM3316
7WWM6-400,7WWM-4-316,S7WWM4316
9MP6-100,9MP-1-316,S9MP1316
9MP6-150,9MP-1.5-316,S9MP15316
9MP6-200,9MP-2-316,S9MP2316
9MP6-250,9MP-2.5-316,S9MP25316
9MP6-300,9MP-3-316,S9MP3316
9MP6-400,9MP-4-316,S9MP4316
9W4P-100,9WWWW-1-7-304,S9WWWW17304
9W4P-150,9WWWW-1.5-7-304,S9WWWW157304
9W4P-200,9WWWW-2-7-304,S9WWWW27304
9W4P-250,9WWWW-2.5-7-304,S9WWWW257304
9W4P-300,9WWWW-3-7-304,S9WWWW37304
9W4P-400,9WWWW-4-7-304,S9WWWW47304
9W6P-100,9WWWW-1-7-316,S9WWWW17316
9W6P-150,9WWWW-1.5-7-316,S9WWWW157316
9W6P-200,9WWWW-2-7-316,S9WWWW27316
9W6P-250,9WWWW-2.5-7-316,S9WWWW257316
9W6P-300,9WWWW-3-7-316,S9WWWW37316
9W6P-400,9WWWW-4-7-316,S9WWWW47316
L2CM4-100,L2CM-1-304,SL2CM1304
L2CM4-150,L2CM-1.5-304,SL2CM15304
L2CM4-200,L2CM-2-304,SL2CM2304
L2CM4-250,L2CM-2.5-304,SL2CM25304
L2CM4-300,L2CM-3-304,SL2CM3304
L2CM4-400,L2CM-4-304,SL2CM4304
L2CM4-600,L2CM-6-304,SL2CM6304
L2CM6-050,L2CM-.50-316,SL2CM50316
L2CM6-075,L2CM-.75-316,SL2CM75316
L2KS4P-100,L2KS-1-7-304,SL2KS17304
L2KS4P-150,L2KS-1.5-7-304,SL2KS157304
L2KS4P-200,L2KS-2-7-304,SL2KS27304
L2KS4P-250,L2KS-2.5-7-304,SL2KS257304
L2KS4P-300,L2KS-3-7-304,SL2KS37304
L2KS4P-400,L2KS-4-7-304,SL2KS47304
L2KS4P-600,L2KS-6-7-304,SL2KS67304
L2KS6P-050,L2KS-.50-7-316,SL2KS507316
L2KS6P-075,L2KS-.75-7-316,SL2KS757316
L2KS6P-100,L2KS-1-7-316,SL2KS17316
L2KS6P-150,L2KS-1.5-7-316,SL2KS157316
L2KS6P-200,L2KS-2-7-316,SL2KS27316
L2KS6P-250,L2KS-2.5-7-316,SL2KS257316
L2KS6P-300,L2KS-3-7-316,SL2KS37316
L2KS6P-400,L2KS-4-7-316,SL2KS47316
L2KS6P-600,L2KS-6-7-316,SL2KS67316
,16AMP-1-304,S16AMP1304
,14WMP-.75-316,S14WMP75316
,14RMP-2-316,S14RMP2316
,14RMP-4-316,S14RMP4316
,14MPW-1-304,S14MPW1304
,14MPW-1.5-304,S14MPW15304
,19WB-1-316,S19WB1316
,14MPW-2-304,S14MPW2304
,19WB-.75-316,S19WB75316
,19WB-.50-316,S19WB50316
,16W-.75-316,S16W75316
,16W-.50-316,S16W50316
,2CMP-1-304,S2CMP1304
,2CMP-1.5-304,S2CMP15304
,14MPW-3-304,S14MPW3304
,2CMP-2-304,S2CMP2304
,14WI-3-316,S14WI3316
,L2CM-1.5-316,SL2CM15316
,19WB-1.5-316,S19WB15316
,13MHHM-2.5-316,S13MHHM25316
,21MP-.50-316,S21MP50316
,21MP-.50X.375-316,S21MP50X375316
,21MP-.75X.50-316,S21MP75X50316
,13MHHM-3-316,S13MHHM3316
,21MP-.75X.25-316,S21MP75X25316
,21MP-.50X.75-316,S21MP50X75316
,14WLI-2-304,S14WLI2304
,38SL-1-316,S38SL1316
,2CMP-2.5-304,S2CMP25304
,15WLI-2-304,S15WLI2304
,13MHHM-4-316,S13MHHM4316
,13MHHM-2-316,S13MHHM2316
,21MP-1.5X.75-304,S21MP15X75304
,22MP-.50X.25-316,S22MP50X25316
,2CMP-3-304,S2CMP3304
,38SL-.50-316,S38SL50316
,38SL-1.5-316,S38SL15316
,38SL-.75-316,S38SL75316
,21MP-2X1.5-304,S21MP2X15304
,21MP-1X.75-304,S21MP1X75304
,21MP-1.5X1-304,S21MP15X1304
,14MPW-4-304,S14MPW4304
,L2CM-2-316,SL2CM2316
,21MP-1X.50-304,S21MP1X50304
,L2CM-1-316,SL2CM1316
,L2CM-2.5-316,SL2CM25316
,38SL-2-316,S38SL2316
,2CMP-4-304,S2CMP4304
,22MP-1.5X1.25-316,S22MP15X125316
,14WLI-3-304,S14WLI3304
,15WLI-3-304,S15WLI3304
,21MP-1.5X2-WF-304,S21MP15X2WF304
,38SL-2.5-316,S38SL25316
,22MP-2X1.5-304,S22MP2X15304
,21MP-1.5X2-WF-316,S21MP15X2WF316
,38SL-3-316,S38SL3316
,14WLI-4-304,S14WLI4304
,15WLI-4-304,S15WLI4304
,13MHHM-6-316,S13MHHM6316
,L2CM-3-316,SL2CM3316
,19WB-4-316,S19WB4316
,22MP-.50X.375-316,S22MP50X375316
,38SL-4-316,S38SL4316
,22MP-1.5X1.25-304,S22MP15X125304
,38SL-6-316,S38SL6316
,7RMP-3X2.5-304,S7RMP3X25304
,21MP-.50X1-316,S21MP50X1316
,L2CM-4-316,SL2CM4316
,2CMP-6-304,S2CMP6304
,14WI-8-304,S14WI8304
,19MPX-6-304,S19MPX6304
,13H-1-316,S13H1316
,13H-1.5-316,S13H15316
,13H-2-316,S13H2316
,13H-2.5-316,S13H25316
,13H-3-316,S13H3316
,13H-4-316,S13H4316
,13MHHM-.50-RWN-304,S13MHHM50RWN304
,13MHHM-8-316,S13MHHM8316
,13MHHM-.50-316,S13MHHM50316
,13MHHM-1-316,S13MHHM1316
,14MPHT-.50-316,S14MPHT50316
,14MPHT-.75-316,S14MPHT75316
,14MPW-8-304,S14MPW8304
,14MPW-6-304,S14MPW6304
,14MPW-12X2.5-316,S14MPW12X25316
,14MPW-2.5-304,S14MPW25304
,14MPW-10-316,S14MPW10316
,14RMP-1-316,S14RMP1316
,14RMP-1.5-316,S14RMP15316
,14RMP-2.5-316,S14RMP25316
,14RMP-3-316,S14RMP3316
,14WI-8-316,S14WI8316
,14WLI-6-304,S14WLI6304
,14WLI-2.5-304,S14WLI25304
,14WLI-1.5-304,S14WLI15304
,14WLI-1-304,S14WLI1304
,14WLMP-5-304,S14WLMP5304
,14WLMP-5-316,S14WLMP5316
,14WMP-.50-316,S14WMP50316
,15WI-8-316,S15WI8316
,15WI-8-304,S15WI8304
,15WLI-6-304,S15WLI6304
,15WLI-1-304,S15WLI1304
,15WLI-1.5-304,S15WLI15304
,15WLI-2.5-304,S15WLI25304
,16AMP-.50-316,S16AMP50316
,16W-12-1-316,S16W121316
,16W-1-5-316,S16W15316
,19MPV-6-316,S19MPV6316
,19MPV-6-304,S19MPV6304
,19MPV-.50-316,S19MPV50316
,19WB-.25-316,S19WB25316
,19WB-2.5-316,S19WB25316
,19WX-.75-316,S19WX75316
,19WX-.50-316,S19WX50316
,19WX-4-316,S19WX4316
,19WX-4-304,S19WX4304
,19WX-3-304,S19WX3304
,19WX-2.5-304,S19WX25304
,19WX-2-316,S19WX2316
,19WX-2-304,S19WX2304
,19WX-1.5-304,S19WX15304
,19WX-1-304,S19WX1304
,21MP-4X2-316,S21MP4X2316
,21MP-3x1.5-316,S21MP3x15316
,21MP-2X.50-WF-316,S21MP2X50WF316
,21MP-2X2.5-NH-316,S21MP2X25NH316
,21MP-2X2.5-NH-304,S21MP2X25NH304
,21MP-2.5X2-304,S21MP25X2304
,21MP-2X1.25-304,S21MP2X125304
,21MP-.75X1.5-316,S21MP75X15316
,21MP-1.5X.125-316,S21MP15X125316
,21MP-1.5X.375-W-316,S21MP15X375W316
,21MP-1.5X2.5X3.281-316,S21MP15X25X3281316
,21MP-1X2-NH-316,S21MP1X2NH316
,21MP-2X1.25-316,S21MP2X125316
,21MP-.75X.125-316,S21MP75X125316
,21MP-.50X.125-316,S21MP50X125316
,21MP-1.5X1.25-304,S21MP15X125304
,21MP-1.5X.25-316,S21MP15X25316
,21MP-2X.25-WF-316,S21MP2X25WF316
,21MP-2.5X.25-316,S21MP25X25316
,21MP-1X.25-316,S21MP1X25316
,21MP-1.5X.50-304,S21MP15X50304
,21MP-2X.75-316,S21MP2X75316
,21MP-.75X1-316,S21MP75X1316
,21MP-.75X.375-316,S21MP75X375316
,AAV00530,SAAV00530
,21MP-.50x.25-316,S21MP50x25316
,21MP-1.5x.50-316,S21MP15x50316
,21MP-2X1-304,S21MP2X1304
,AAV01583-304,SAAV01583304
,22MP-3X4-304,S22MP3X4304
,22MP-2X1.25-316,S22MP2X125316
,22MP-2X1.25-304,S22MP2X125304
,22MP-2X.50-WF-316,S22MP2X50WF316
,22MP-3X2.5x3.5-316,S22MP3X25x35316
,22MP-1.5X.125-316,S22MP15X125316
,22MP-1.5X2-WF-304,S22MP15X2WF304
,22MP-1.5x3-316,S22MP15x3316
,22MP-1X1.5-WF-316,S22MP1X15WF316
,22MP-1.5X.375-316,S22MP15X375316
,22MP-3X1-316,S22MP3X1316
,22MP-1.5X.25-WF-316,S22MP15X25WF316
,22MP-.50X.125-316,S22MP50X125316
,22MP-.75X.125-316,S22MP75X125316
,22MP-3X1.5-316,S22MP3X15316
,22MP-2X.75-WF-316,S22MP2X75WF316
,22MP-1.5X2-WF-316,S22MP15X2WF316
,22MP-.75X.25-316,S22MP75X25316
,22MP-6-316,S22MP6316
,22MP-6-304,S22MP6304
,22MP-.50x.75-316,S22MP50x75316
,22MP-2.5X2-304,S22MP25X2304
,22MP-2.5X1.5-304,S22MP25X15304
,22MP-2.5X1-316,S22MP25X1316
,22MP-2.5X1-304,S22MP25X1304
,22MP-2X1-304,S22MP2X1304
,22MP-1.5X1-304,S22MP15X1304
,22MP-1.5X.75-304,S22MP15X75304
,22MP-1.5X.50-304,S22MP15X50304
,22MP-1X.75-304,S22MP1X75304
,22MP-1X.50-304,S22MP1X50304
,22MP-.75X1-316,S22MP75X1316
,22MP-.75X.375-316,S22MP75X375316
,22MP-.50X1-316,S22MP50X1316
,AAW01061-316,SAAW01061316
,AAW01581-304,SAAW01581304
,28AMP-.75-316,S28AMP75316
,28BMP-.75-316,S28BMP75316
,28BMP-.50-316,S28BMP50316
,28WA-.50-7-316,S28WA507316
,28WA-.75-7-316,S28WA757316
,2CMP-10-304,S2CMP10304
,2CMP-8-304,S2CMP8304
,31-14MP-10X3X13.875-316,S3114MP10X3X13875316
,31-14MP-10X6-316,S3114MP10X6316
,31-14MP-2.5X1-304,S3114MP25X1304
,31-14MP-2.5X1-316,S3114MP25X1316
,31-14MP-10X8-316,S3114MP10X8316
,31-14MP-12X8-316,S3114MP12X8316
,31-14MP-2X.75-316,S3114MP2X75316
,31-14MP-2X.50-316,S3114MP2X50316
,31-14MP-4X2.5-304,S3114MP4X25304
,32-14MP-2x.75-304,S3214MP2x75304
,32-14MP-2x.50-316,S3214MP2x50316
,32-14MP-4x2.5-304,S3214MP4x25304
,32-14MP-2x.75-316,S3214MP2x75316
,38SL-5-316,S38SL5316
,38SL-6-304,S38SL6304
,38SL-4-304,S38SL4304
,38SL-3-304,S38SL3304
,38SL-2.5-304,S38SL25304
,38SL-1.5-304,S38SL15304
,38SL-2-304,S38SL2304
,38SL-.75-304,S38SL75304
,38SL-1-304,S38SL1304
,38SL-.50-304,S38SL50304
,7MPS-3-304,S7MPS3304
,7MPS-8-304,S7MPS8304
,7MPS-6-304,S7MPS6304
,7MPS-4-304,S7MPS4304
,7MPS-2.5-304,S7MPS25304
,7MPS-2-304,S7MPS2304
,7MPS-1.5-304,S7MPS15304
,7MPS-1-304,S7MPS1304
,7MPS-.75-316,S7MPS75316
,7RMP-1X.50-316,S7RMP1X50316
,7RMP-2X.75-316,S7RMP2X75316
,7RMP-2X.50-316,S7RMP2X50316
,7RMP-6X4-316,S7RMP6X4316
,7RMP-6X4-304,S7RMP6X4304
,7RMP-3X2.5-316,S7RMP3X25316
,7RMP-1.5X.75-316,S7RMP15X75316
,7RMP-1.5X.50-316,S7RMP15X50316
,7RMP-1X.75-316,S7RMP1X75316
,7RMP-2.5X1-304,S7RMP25X1304
,9MP-.50-316,S9MP50316
,9MP-4-304,S9MP4304
,9MP-.75-316,S9MP75316
,9MP-3-304,S9MP3304
,9MP-2.5-304,S9MP25304
,9MP-2-304,S9MP2304
,9MP-1.5-304,S9MP15304
,9MP-1-304,S9MP1304
,9WWWW-.50-7-316,S9WWWW507316
,9WWWW-.50-7-316-1,S9WWWW5073161
,9WWWW-.75-7-316,S9WWWW757316
,L2CM-6-316,SL2CM6316
,BFVPC-6-316-EPDM,SBFVPC6316EPDM
,BFVPC-6-316-SILICONE-RED,SBFVPC6316SILICONERED
,BFVPC-6-316-VITON,SBFVPC6316VITON
,BFVPC-4-304-SILICONE-RED,SBFVPC4304SILICONERED
,BFVPC-3-304-SILICONE-RED,SBFVPC3304SILICONERED
,BFVPC-3-316-VITON,SBFVPC3316VITON
,BFVPC-2.5-304-SILICONE-RED,SBFVPC25304SILICONERED
,BFVPC-2-304-SILICONE-RED,SBFVPC2304SILICONERED
,BFVPC-1.5-304-SILICONE-RED,SBFVPC15304SILICONERED
,BFVPC-1-304-SILICONE-RED,SBFVPC1304SILICONERED
,BFVPC-4-304-VITON,SBFVPC4304VITON
,BFVPC-4-304-EPDM,SBFVPC4304EPDM
,BFVPC-3-304-VITON,SBFVPC3304VITON
,BFVPC-3-304-EPDM,SBFVPC3304EPDM
,BFVPC-2.5-304-VITON,SBFVPC25304VITON
,BFVPC-2.5-304-EPDM,SBFVPC25304EPDM
,BFVPC-2-304-VITON,SBFVPC2304VITON
,BFVPC-2-304-EPDM,SBFVPC2304EPDM
,BFVPC-1.5-304-VITON,SBFVPC15304VITON
,BFVPC-1.5-304-EPDM,SBFVPC15304EPDM
,BFVPC-1-304-VITON,SBFVPC1304VITON
,BFVPC-1-304-EPDM,SBFVPC1304EPDM
,BFVPC-4-316-VITON,SBFVPC4316VITON
,BFVPC-4-316-SILICONE-RED,SBFVPC4316SILICONERED
,BFVPC-3-316-SILICONE-RED,SBFVPC3316SILICONERED
,BFVPC-2.5-316-VITON,SBFVPC25316VITON
,BFVPC-2.5-316-SILICONE-RED,SBFVPC25316SILICONERED
,BFVPC-2-316-VITON,SBFVPC2316VITON
,BFVPC-2-316-SILICONE-RED,SBFVPC2316SILICONERED
,BFVPC-1.5-316-VITON,SBFVPC15316VITON
,BFVPC-1.5-316-SILICONE-RED,SBFVPC15316SILICONERED
,BFVPC-1-316-VITON,SBFVPC1316VITON
,BFVPC-1-316-SILICONE-RED,SBFVPC1316SILICONERED
,BFVPC-2-316-EPDM,SBFVPC2316EPDM
,BFVPC-1.5-316-EPDM,SBFVPC15316EPDM
,BFVPC-1-316-EPDM,SBFVPC1316EPDM
,BFVPC-4-316-EPDM,SBFVPC4316EPDM
,BFVPC-3-316-EPDM,SBFVPC3316EPDM
,BFVPC-2.5-316-EPDM,SBFVPC25316EPDM